{"cameraMode":{"drawMode":0,"name":"Shaded","section":"Shading Mode"},"sceneLighting":false,"audioPlay":false,"sceneViewState":{"showFog":true,"showMaterialUpdate":false,"showSkybox":true,"showFlares":true,"showImageEffects":true,"showParticleSystems":true},"in2DMode":false,"pivot":{"x":501.1427917480469,"y":67.14777374267578,"z":434.9718017578125},"rotation":{"x":-0.3472999334335327,"y":0.21416394412517548,"z":-0.08180071413516998,"w":-0.9092993140220642},"size":0.14211606979370118,"orthographic":false}