{"cameraMode":{"drawMode":0,"name":"Shaded","section":"Shading Mode"},"sceneLighting":false,"audioPlay":false,"sceneViewState":{"showFog":true,"showMaterialUpdate":false,"showSkybox":true,"showFlares":true,"showImageEffects":true,"showParticleSystems":true},"in2DMode":false,"pivot":{"x":-2.7100446224212648,"y":-93.19269561767578,"z":120.14531707763672},"rotation":{"x":-0.34914839267730715,"y":0.05617605894804001,"z":-0.02097475714981556,"w":-0.9351469278335571},"size":182.10752868652345,"orthographic":false}